"","Year","Entity","Count"
"1",1990,"Acute.Hepatitis",166343
"2",1990,"Alcohol.Use.Disorders",116390
"3",1990,"Alzheimer.s.Disease.and.Other.Dementias",560616
"4",1990,"Cardiovascular_Diseases",12062179
"5",1990,"Chronic.Kidney.Disease",600925
"6",1990,"Chronic.Respiratory.Diseases",3092759
"7",1990,"Cirrhosis.and.Other.Chronic.Liver.Diseases",1012423
"8",1990,"Conflict.and.Terrorism",116286
"9",1990,"Diabetes.Mellitus",661085
"10",1990,"Diarrheal.Diseases",2894957
"11",1990,"Digestive.Diseases",1854392
"12",1990,"Drowning",460460
"13",1990,"Drug.Use.Disorders",56133
"14",1990,"Environmental.Heat.and.Cold.Exposure",55072
"15",1990,"Exposure.to.Forces.of.Nature",50216
"16",1990,"Fire..Heat..and.Hot.Substances",123123
"17",1990,"HIV_AIDS",336059
"18",1990,"Interpersonal.Violence",372497
"19",1990,"Lower.Respiratory.Infections",3318264
"20",1990,"Malaria",840297
"21",1990,"Maternal.Disorders",302419
"22",1990,"Meningitis",432253
"23",1990,"Neonatal.Disorders",3004581
"24",1990,"Neoplasms",5752596
"25",1990,"Nutritional.Deficiencies",756808
"26",1990,"Parkinson.s.Disease",147156
"27",1990,"Poisonings",87951
"28",1990,"Protein.Energy.Malnutrition",655975
"29",1990,"Road.Injuries",1112770
"30",1990,"Self.harm",738804
"31",1990,"Tuberculosis",1776727
"32",1991,"Acute.Hepatitis",165276
"33",1991,"Alcohol.Use.Disorders",122478
"34",1991,"Alzheimer.s.Disease.and.Other.Dementias",583166
"35",1991,"Cardiovascular_Diseases",12220282
"36",1991,"Chronic.Kidney.Disease",613589
"37",1991,"Chronic.Respiratory.Diseases",3148288
"38",1991,"Cirrhosis.and.Other.Chronic.Liver.Diseases",1026870
"39",1991,"Conflict.and.Terrorism",85017
"40",1991,"Diabetes.Mellitus",679630
"41",1991,"Diarrheal.Diseases",2903085
"42",1991,"Digestive.Diseases",1877515
"43",1991,"Drowning",454375
"44",1991,"Drug.Use.Disorders",61890
"45",1991,"Environmental.Heat.and.Cold.Exposure",56658
"46",1991,"Exposure.to.Forces.of.Nature",156552
"47",1991,"Fire..Heat..and.Hot.Substances",123941
"48",1991,"HIV_AIDS",430725
"49",1991,"Interpersonal.Violence",383689
"50",1991,"Lower.Respiratory.Infections",3282941
"51",1991,"Malaria",858984
"52",1991,"Maternal.Disorders",298271
"53",1991,"Meningitis",428621
"54",1991,"Neonatal.Disorders",2975087
"55",1991,"Neoplasms",5867965
"56",1991,"Nutritional.Deficiencies",729145
"57",1991,"Parkinson.s.Disease",150875
"58",1991,"Poisonings",87813
"59",1991,"Protein.Energy.Malnutrition",631013
"60",1991,"Road.Injuries",1117024
"61",1991,"Self.harm",752575
"62",1991,"Tuberculosis",1786389
"63",1992,"Acute.Hepatitis",163687
"64",1992,"Alcohol.Use.Disorders",131665
"65",1992,"Alzheimer.s.Disease.and.Other.Dementias",605894
"66",1992,"Cardiovascular_Diseases",12437979
"67",1992,"Chronic.Kidney.Disease",630160
"68",1992,"Chronic.Respiratory.Diseases",3207816
"69",1992,"Cirrhosis.and.Other.Chronic.Liver.Diseases",1042953
"70",1992,"Conflict.and.Terrorism",62063
"71",1992,"Diabetes.Mellitus",702253
"72",1992,"Diarrheal.Diseases",2871809
"73",1992,"Digestive.Diseases",1903759
"74",1992,"Drowning",447056
"75",1992,"Drug.Use.Disorders",66826
"76",1992,"Environmental.Heat.and.Cold.Exposure",59926
"77",1992,"Exposure.to.Forces.of.Nature",12030
"78",1992,"Fire..Heat..and.Hot.Substances",124995
"79",1992,"HIV_AIDS",540070
"80",1992,"Interpersonal.Violence",407176
"81",1992,"Lower.Respiratory.Infections",3258792
"82",1992,"Malaria",856415
"83",1992,"Maternal.Disorders",299300
"84",1992,"Meningitis",426440
"85",1992,"Neonatal.Disorders",2950376
"86",1992,"Neoplasms",5996098
"87",1992,"Nutritional.Deficiencies",700664
"88",1992,"Parkinson.s.Disease",154886
"89",1992,"Poisonings",88435
"90",1992,"Protein.Energy.Malnutrition",606015
"91",1992,"Road.Injuries",1125566
"92",1992,"Self.harm",770286
"93",1992,"Tuberculosis",1807740
"94",1993,"Acute.Hepatitis",161899
"95",1993,"Alcohol.Use.Disorders",143901
"96",1993,"Alzheimer.s.Disease.and.Other.Dementias",629571
"97",1993,"Cardiovascular_Diseases",12802108
"98",1993,"Chronic.Kidney.Disease",647255
"99",1993,"Chronic.Respiratory.Diseases",3266612
"100",1993,"Cirrhosis.and.Other.Chronic.Liver.Diseases",1067730
"101",1993,"Conflict.and.Terrorism",62733
"102",1993,"Diabetes.Mellitus",728077
"103",1993,"Diarrheal.Diseases",2798615
"104",1993,"Digestive.Diseases",1939556
"105",1993,"Drowning",445434
"106",1993,"Drug.Use.Disorders",71603
"107",1993,"Environmental.Heat.and.Cold.Exposure",66812
"108",1993,"Exposure.to.Forces.of.Nature",21369
"109",1993,"Fire..Heat..and.Hot.Substances",127493
"110",1993,"HIV_AIDS",664463
"111",1993,"Interpersonal.Violence",432858
"112",1993,"Lower.Respiratory.Infections",3226972
"113",1993,"Malaria",862216
"114",1993,"Maternal.Disorders",293564
"115",1993,"Meningitis",420836
"116",1993,"Neonatal.Disorders",2924485
"117",1993,"Neoplasms",6167069
"118",1993,"Nutritional.Deficiencies",674219
"119",1993,"Parkinson.s.Disease",160249
"120",1993,"Poisonings",90036
"121",1993,"Protein.Energy.Malnutrition",583919
"122",1993,"Road.Injuries",1137444
"123",1993,"Self.harm",791904
"124",1993,"Tuberculosis",1774711
"125",1994,"Acute.Hepatitis",159423
"126",1994,"Alcohol.Use.Disorders",153859
"127",1994,"Alzheimer.s.Disease.and.Other.Dementias",652176
"128",1994,"Cardiovascular_Diseases",13026289
"129",1994,"Chronic.Kidney.Disease",665365
"130",1994,"Chronic.Respiratory.Diseases",3297292
"131",1994,"Cirrhosis.and.Other.Chronic.Liver.Diseases",1089331
"132",1994,"Conflict.and.Terrorism",566082
"133",1994,"Diabetes.Mellitus",751254
"134",1994,"Diarrheal.Diseases",2740299
"135",1994,"Digestive.Diseases",1967669
"136",1994,"Drowning",443350
"137",1994,"Drug.Use.Disorders",76717
"138",1994,"Environmental.Heat.and.Cold.Exposure",72305
"139",1994,"Exposure.to.Forces.of.Nature",12717
"140",1994,"Fire..Heat..and.Hot.Substances",129611
"141",1994,"HIV_AIDS",800169
"142",1994,"Interpersonal.Violence",441971
"143",1994,"Lower.Respiratory.Infections",3187285
"144",1994,"Malaria",855671
"145",1994,"Maternal.Disorders",293148
"146",1994,"Meningitis",413799
"147",1994,"Neonatal.Disorders",2896505
"148",1994,"Neoplasms",6296066
"149",1994,"Nutritional.Deficiencies",649801
"150",1994,"Parkinson.s.Disease",164381
"151",1994,"Poisonings",90897
"152",1994,"Protein.Energy.Malnutrition",564046
"153",1994,"Road.Injuries",1153642
"154",1994,"Self.harm",817682
"155",1994,"Tuberculosis",1753811
"156",1995,"Acute.Hepatitis",157173
"157",1995,"Alcohol.Use.Disorders",156714
"158",1995,"Alzheimer.s.Disease.and.Other.Dementias",674815
"159",1995,"Cardiovascular_Diseases",13129252
"160",1995,"Chronic.Kidney.Disease",683701
"161",1995,"Chronic.Respiratory.Diseases",3313295
"162",1995,"Cirrhosis.and.Other.Chronic.Liver.Diseases",1104380
"163",1995,"Conflict.and.Terrorism",67210
"164",1995,"Diabetes.Mellitus",773490
"165",1995,"Diarrheal.Diseases",2673263
"166",1995,"Digestive.Diseases",1984263
"167",1995,"Drowning",437303
"168",1995,"Drug.Use.Disorders",79985
"169",1995,"Environmental.Heat.and.Cold.Exposure",72635
"170",1995,"Exposure.to.Forces.of.Nature",19169
"171",1995,"Fire..Heat..and.Hot.Substances",128523
"172",1995,"HIV_AIDS",938440
"173",1995,"Interpersonal.Violence",444246
"174",1995,"Lower.Respiratory.Infections",3148775
"175",1995,"Malaria",862626
"176",1995,"Maternal.Disorders",290551
"177",1995,"Meningitis",409826
"178",1995,"Neonatal.Disorders",2873608
"179",1995,"Neoplasms",6402881
"180",1995,"Nutritional.Deficiencies",723095
"181",1995,"Parkinson.s.Disease",168882
"182",1995,"Poisonings",90353
"183",1995,"Protein.Energy.Malnutrition",641084
"184",1995,"Road.Injuries",1162799
"185",1995,"Self.harm",825922
"186",1995,"Tuberculosis",1738759
"187",1996,"Acute.Hepatitis",153406
"188",1996,"Alcohol.Use.Disorders",156352
"189",1996,"Alzheimer.s.Disease.and.Other.Dementias",696665
"190",1996,"Cardiovascular_Diseases",13213565
"191",1996,"Chronic.Kidney.Disease",704624
"192",1996,"Chronic.Respiratory.Diseases",3342591
"193",1996,"Cirrhosis.and.Other.Chronic.Liver.Diseases",1115241
"194",1996,"Conflict.and.Terrorism",87324
"195",1996,"Diabetes.Mellitus",799023
"196",1996,"Diarrheal.Diseases",2615313
"197",1996,"Digestive.Diseases",1995513
"198",1996,"Drowning",423296
"199",1996,"Drug.Use.Disorders",81704
"200",1996,"Environmental.Heat.and.Cold.Exposure",67602
"201",1996,"Exposure.to.Forces.of.Nature",14866
"202",1996,"Fire..Heat..and.Hot.Substances",126804
"203",1996,"HIV_AIDS",1061580
"204",1996,"Interpersonal.Violence",432673
"205",1996,"Lower.Respiratory.Infections",3091233
"206",1996,"Malaria",872476
"207",1996,"Maternal.Disorders",287746
"208",1996,"Meningitis",417259
"209",1996,"Neonatal.Disorders",2841042
"210",1996,"Neoplasms",6490603
"211",1996,"Nutritional.Deficiencies",671977
"212",1996,"Parkinson.s.Disease",173822
"213",1996,"Poisonings",88861
"214",1996,"Protein.Energy.Malnutrition",593826
"215",1996,"Road.Injuries",1162809
"216",1996,"Self.harm",820128
"217",1996,"Tuberculosis",1720903
"218",1997,"Acute.Hepatitis",151902
"219",1997,"Alcohol.Use.Disorders",155429
"220",1997,"Alzheimer.s.Disease.and.Other.Dementias",717342
"221",1997,"Cardiovascular_Diseases",13339902
"222",1997,"Chronic.Kidney.Disease",731048
"223",1997,"Chronic.Respiratory.Diseases",3381872
"224",1997,"Cirrhosis.and.Other.Chronic.Liver.Diseases",1128962
"225",1997,"Conflict.and.Terrorism",99263
"226",1997,"Diabetes.Mellitus",827734
"227",1997,"Diarrheal.Diseases",2579027
"228",1997,"Digestive.Diseases",2014659
"229",1997,"Drowning",413405
"230",1997,"Drug.Use.Disorders",82572
"231",1997,"Environmental.Heat.and.Cold.Exposure",63823
"232",1997,"Exposure.to.Forces.of.Nature",17852
"233",1997,"Fire..Heat..and.Hot.Substances",126274
"234",1997,"HIV_AIDS",1174154
"235",1997,"Interpersonal.Violence",427316
"236",1997,"Lower.Respiratory.Infections",3047670
"237",1997,"Malaria",892946
"238",1997,"Maternal.Disorders",289467
"239",1997,"Meningitis",400893
"240",1997,"Neonatal.Disorders",2817527
"241",1997,"Neoplasms",6586074
"242",1997,"Nutritional.Deficiencies",647682
"243",1997,"Parkinson.s.Disease",179347
"244",1997,"Poisonings",87371
"245",1997,"Protein.Energy.Malnutrition",572372
"246",1997,"Road.Injuries",1169798
"247",1997,"Self.harm",822649
"248",1997,"Tuberculosis",1726038
"249",1998,"Acute.Hepatitis",149563
"250",1998,"Alcohol.Use.Disorders",156282
"251",1998,"Alzheimer.s.Disease.and.Other.Dementias",738768
"252",1998,"Cardiovascular_Diseases",13461489
"253",1998,"Chronic.Kidney.Disease",758681
"254",1998,"Chronic.Respiratory.Diseases",3401426
"255",1998,"Cirrhosis.and.Other.Chronic.Liver.Diseases",1141509
"256",1998,"Conflict.and.Terrorism",108842
"257",1998,"Diabetes.Mellitus",854415
"258",1998,"Diarrheal.Diseases",2544585
"259",1998,"Digestive.Diseases",2030600
"260",1998,"Drowning",407205
"261",1998,"Drug.Use.Disorders",85087
"262",1998,"Environmental.Heat.and.Cold.Exposure",64858
"263",1998,"Exposure.to.Forces.of.Nature",48134
"264",1998,"Fire..Heat..and.Hot.Substances",124746
"265",1998,"HIV_AIDS",1303651
"266",1998,"Interpersonal.Violence",431984
"267",1998,"Lower.Respiratory.Infections",2999755
"268",1998,"Malaria",901338
"269",1998,"Maternal.Disorders",289304
"270",1998,"Meningitis",393364
"271",1998,"Neonatal.Disorders",2793540
"272",1998,"Neoplasms",6703169
"273",1998,"Nutritional.Deficiencies",620498
"274",1998,"Parkinson.s.Disease",185097
"275",1998,"Poisonings",86679
"276",1998,"Protein.Energy.Malnutrition",549543
"277",1998,"Road.Injuries",1177827
"278",1998,"Self.harm",829842
"279",1998,"Tuberculosis",1724307
"280",1999,"Acute.Hepatitis",147017
"281",1999,"Alcohol.Use.Disorders",160606
"282",1999,"Alzheimer.s.Disease.and.Other.Dementias",761620
"283",1999,"Cardiovascular_Diseases",13720763
"284",1999,"Chronic.Kidney.Disease",785380
"285",1999,"Chronic.Respiratory.Diseases",3419612
"286",1999,"Cirrhosis.and.Other.Chronic.Liver.Diseases",1158552
"287",1999,"Conflict.and.Terrorism",141860
"288",1999,"Diabetes.Mellitus",879521
"289",1999,"Diarrheal.Diseases",2496957
"290",1999,"Digestive.Diseases",2054201
"291",1999,"Drowning",397169
"292",1999,"Drug.Use.Disorders",87336
"293",1999,"Environmental.Heat.and.Cold.Exposure",63375
"294",1999,"Exposure.to.Forces.of.Nature",69591
"295",1999,"Fire..Heat..and.Hot.Substances",125921
"296",1999,"HIV_AIDS",1439777
"297",1999,"Interpersonal.Violence",440642
"298",1999,"Lower.Respiratory.Infections",2950639
"299",1999,"Malaria",893788
"300",1999,"Maternal.Disorders",288836
"301",1999,"Meningitis",390136
"302",1999,"Neonatal.Disorders",2766241
"303",1999,"Neoplasms",6857548
"304",1999,"Nutritional.Deficiencies",593417
"305",1999,"Parkinson.s.Disease",191538
"306",1999,"Poisonings",87333
"307",1999,"Protein.Energy.Malnutrition",527431
"308",1999,"Road.Injuries",1195303
"309",1999,"Self.harm",840850
"310",1999,"Tuberculosis",1719130
"311",2000,"Acute.Hepatitis",144124
"312",2000,"Alcohol.Use.Disorders",166094
"313",2000,"Alzheimer.s.Disease.and.Other.Dementias",786615
"314",2000,"Cardiovascular_Diseases",13957078
"315",2000,"Chronic.Kidney.Disease",814854
"316",2000,"Chronic.Respiratory.Diseases",3450006
"317",2000,"Cirrhosis.and.Other.Chronic.Liver.Diseases",1177628
"318",2000,"Conflict.and.Terrorism",120011
"319",2000,"Diabetes.Mellitus",905965
"320",2000,"Diarrheal.Diseases",2440570
"321",2000,"Digestive.Diseases",2079551
"322",2000,"Drowning",387627
"323",2000,"Drug.Use.Disorders",89690
"324",2000,"Environmental.Heat.and.Cold.Exposure",65450
"325",2000,"Exposure.to.Forces.of.Nature",8918
"326",2000,"Fire..Heat..and.Hot.Substances",126659
"327",2000,"HIV_AIDS",1559389
"328",2000,"Interpersonal.Violence",450393
"329",2000,"Lower.Respiratory.Infections",2895698
"330",2000,"Malaria",882055
"331",2000,"Maternal.Disorders",287027
"332",2000,"Meningitis",385994
"333",2000,"Neonatal.Disorders",2739290
"334",2000,"Neoplasms",7001927
"335",2000,"Nutritional.Deficiencies",568454
"336",2000,"Parkinson.s.Disease",198545
"337",2000,"Poisonings",88799
"338",2000,"Protein.Energy.Malnutrition",505874
"339",2000,"Road.Injuries",1212355
"340",2000,"Self.harm",839249
"341",2000,"Tuberculosis",1714428
"342",2001,"Acute.Hepatitis",140143
"343",2001,"Alcohol.Use.Disorders",170787
"344",2001,"Alzheimer.s.Disease.and.Other.Dementias",814526
"345",2001,"Cardiovascular_Diseases",14185571
"346",2001,"Chronic.Kidney.Disease",842790
"347",2001,"Chronic.Respiratory.Diseases",3465831
"348",2001,"Cirrhosis.and.Other.Chronic.Liver.Diseases",1200250
"349",2001,"Conflict.and.Terrorism",67069
"350",2001,"Diabetes.Mellitus",934841
"351",2001,"Diarrheal.Diseases",2378465
"352",2001,"Digestive.Diseases",2107791
"353",2001,"Drowning",375917
"354",2001,"Drug.Use.Disorders",87325
"355",2001,"Environmental.Heat.and.Cold.Exposure",66743
"356",2001,"Exposure.to.Forces.of.Nature",29497
"357",2001,"Fire..Heat..and.Hot.Substances",126427
"358",2001,"HIV_AIDS",1662064
"359",2001,"Interpersonal.Violence",451206
"360",2001,"Lower.Respiratory.Infections",2830457
"361",2001,"Malaria",912709
"362",2001,"Maternal.Disorders",282455
"363",2001,"Meningitis",379912
"364",2001,"Neonatal.Disorders",2710195
"365",2001,"Neoplasms",7114269
"366",2001,"Nutritional.Deficiencies",542565
"367",2001,"Parkinson.s.Disease",206194
"368",2001,"Poisonings",89294
"369",2001,"Protein.Energy.Malnutrition",483074
"370",2001,"Road.Injuries",1224220
"371",2001,"Self.harm",820745
"372",2001,"Tuberculosis",1682360
"373",2002,"Acute.Hepatitis",134941
"374",2002,"Alcohol.Use.Disorders",175317
"375",2002,"Alzheimer.s.Disease.and.Other.Dementias",845695
"376",2002,"Cardiovascular_Diseases",14501696
"377",2002,"Chronic.Kidney.Disease",874109
"378",2002,"Chronic.Respiratory.Diseases",3490310
"379",2002,"Cirrhosis.and.Other.Chronic.Liver.Diseases",1227607
"380",2002,"Conflict.and.Terrorism",66414
"381",2002,"Diabetes.Mellitus",970544
"382",2002,"Diarrheal.Diseases",2312641
"383",2002,"Digestive.Diseases",2143976
"384",2002,"Drowning",361967
"385",2002,"Drug.Use.Disorders",84750
"386",2002,"Environmental.Heat.and.Cold.Exposure",69939
"387",2002,"Exposure.to.Forces.of.Nature",8908
"388",2002,"Fire..Heat..and.Hot.Substances",125532
"389",2002,"HIV_AIDS",1746104
"390",2002,"Interpersonal.Violence",462331
"391",2002,"Lower.Respiratory.Infections",2788706
"392",2002,"Malaria",929195
"393",2002,"Maternal.Disorders",276253
"394",2002,"Meningitis",372298
"395",2002,"Neonatal.Disorders",2691320
"396",2002,"Neoplasms",7253993
"397",2002,"Nutritional.Deficiencies",517754
"398",2002,"Parkinson.s.Disease",214930
"399",2002,"Poisonings",89920
"400",2002,"Protein.Energy.Malnutrition",462083
"401",2002,"Road.Injuries",1237109
"402",2002,"Self.harm",811199
"403",2002,"Tuberculosis",1649490
"404",2003,"Acute.Hepatitis",130158
"405",2003,"Alcohol.Use.Disorders",178889
"406",2003,"Alzheimer.s.Disease.and.Other.Dementias",877011
"407",2003,"Cardiovascular_Diseases",14710723
"408",2003,"Chronic.Kidney.Disease",902200
"409",2003,"Chronic.Respiratory.Diseases",3491643
"410",2003,"Cirrhosis.and.Other.Chronic.Liver.Diseases",1251776
"411",2003,"Conflict.and.Terrorism",71044
"412",2003,"Diabetes.Mellitus",1000276
"413",2003,"Diarrheal.Diseases",2242961
"414",2003,"Digestive.Diseases",2173729
"415",2003,"Drowning",347745
"416",2003,"Drug.Use.Disorders",82250
"417",2003,"Environmental.Heat.and.Cold.Exposure",71950
"418",2003,"Exposure.to.Forces.of.Nature",35474
"419",2003,"Fire..Heat..and.Hot.Substances",125730
"420",2003,"HIV_AIDS",1808445
"421",2003,"Interpersonal.Violence",446701
"422",2003,"Lower.Respiratory.Infections",2746549
"423",2003,"Malaria",959654
"424",2003,"Maternal.Disorders",269425
"425",2003,"Meningitis",369171
"426",2003,"Neonatal.Disorders",2671242
"427",2003,"Neoplasms",7388299
"428",2003,"Nutritional.Deficiencies",417264
"429",2003,"Parkinson.s.Disease",222256
"430",2003,"Poisonings",90634
"431",2003,"Protein.Energy.Malnutrition",365742
"432",2003,"Road.Injuries",1248216
"433",2003,"Self.harm",814533
"434",2003,"Tuberculosis",1612262
"435",2004,"Acute.Hepatitis",127953
"436",2004,"Alcohol.Use.Disorders",180491
"437",2004,"Alzheimer.s.Disease.and.Other.Dementias",909148
"438",2004,"Cardiovascular_Diseases",14745985
"439",2004,"Chronic.Kidney.Disease",922921
"440",2004,"Chronic.Respiratory.Diseases",3462850
"441",2004,"Cirrhosis.and.Other.Chronic.Liver.Diseases",1266574
"442",2004,"Conflict.and.Terrorism",70502
"443",2004,"Diabetes.Mellitus",1018138
"444",2004,"Diarrheal.Diseases",2166496
"445",2004,"Digestive.Diseases",2187927
"446",2004,"Drowning",338417
"447",2004,"Drug.Use.Disorders",81843
"448",2004,"Environmental.Heat.and.Cold.Exposure",67144
"449",2004,"Exposure.to.Forces.of.Nature",242430
"450",2004,"Fire..Heat..and.Hot.Substances",123651
"451",2004,"HIV_AIDS",1842954
"452",2004,"Interpersonal.Violence",440855
"453",2004,"Lower.Respiratory.Infections",2697064
"454",2004,"Malaria",960784
"455",2004,"Maternal.Disorders",265279
"456",2004,"Meningitis",363462
"457",2004,"Neonatal.Disorders",2647814
"458",2004,"Neoplasms",7504504
"459",2004,"Nutritional.Deficiencies",393952
"460",2004,"Parkinson.s.Disease",227695
"461",2004,"Poisonings",91455
"462",2004,"Protein.Energy.Malnutrition",345527
"463",2004,"Road.Injuries",1258547
"464",2004,"Self.harm",819290
"465",2004,"Tuberculosis",1558519
"466",2005,"Acute.Hepatitis",128197
"467",2005,"Alcohol.Use.Disorders",181704
"468",2005,"Alzheimer.s.Disease.and.Other.Dementias",945619
"469",2005,"Cardiovascular_Diseases",14995528
"470",2005,"Chronic.Kidney.Disease",956457
"471",2005,"Chronic.Respiratory.Diseases",3479174
"472",2005,"Cirrhosis.and.Other.Chronic.Liver.Diseases",1293978
"473",2005,"Conflict.and.Terrorism",59507
"474",2005,"Diabetes.Mellitus",1050925
"475",2005,"Diarrheal.Diseases",2125961
"476",2005,"Digestive.Diseases",2226154
"477",2005,"Drowning",332705
"478",2005,"Drug.Use.Disorders",84990
"479",2005,"Environmental.Heat.and.Cold.Exposure",68382
"480",2005,"Exposure.to.Forces.of.Nature",88718
"481",2005,"Fire..Heat..and.Hot.Substances",124166
"482",2005,"HIV_AIDS",1832074
"483",2005,"Interpersonal.Violence",435946
"484",2005,"Lower.Respiratory.Infections",2677818
"485",2005,"Malaria",940540
"486",2005,"Maternal.Disorders",264407
"487",2005,"Meningitis",361809
"488",2005,"Neonatal.Disorders",2620556
"489",2005,"Neoplasms",7653588
"490",2005,"Nutritional.Deficiencies",376740
"491",2005,"Parkinson.s.Disease",236498
"492",2005,"Poisonings",92064
"493",2005,"Protein.Energy.Malnutrition",329849
"494",2005,"Road.Injuries",1269243
"495",2005,"Self.harm",826133
"496",2005,"Tuberculosis",1532479
"497",2006,"Acute.Hepatitis",124737
"498",2006,"Alcohol.Use.Disorders",177747
"499",2006,"Alzheimer.s.Disease.and.Other.Dementias",982308
"500",2006,"Cardiovascular_Diseases",14991661
"501",2006,"Chronic.Kidney.Disease",981743
"502",2006,"Chronic.Respiratory.Diseases",3461443
"503",2006,"Cirrhosis.and.Other.Chronic.Liver.Diseases",1300281
"504",2006,"Conflict.and.Terrorism",74555
"505",2006,"Diabetes.Mellitus",1071057
"506",2006,"Diarrheal.Diseases",2109339
"507",2006,"Digestive.Diseases",2235326
"508",2006,"Drowning",319875
"509",2006,"Drug.Use.Disorders",85421
"510",2006,"Environmental.Heat.and.Cold.Exposure",64630
"511",2006,"Exposure.to.Forces.of.Nature",19918
"512",2006,"Fire..Heat..and.Hot.Substances",121265
"513",2006,"HIV_AIDS",1767868
"514",2006,"Interpersonal.Violence",427355
"515",2006,"Lower.Respiratory.Infections",2645926
"516",2006,"Malaria",941746
"517",2006,"Maternal.Disorders",259261
"518",2006,"Meningitis",358973
"519",2006,"Neonatal.Disorders",2587061
"520",2006,"Neoplasms",7722732
"521",2006,"Nutritional.Deficiencies",362476
"522",2006,"Parkinson.s.Disease",242749
"523",2006,"Poisonings",89859
"524",2006,"Protein.Energy.Malnutrition",316210
"525",2006,"Road.Injuries",1267492
"526",2006,"Self.harm",814138
"527",2006,"Tuberculosis",1499369
"528",2007,"Acute.Hepatitis",120512
"529",2007,"Alcohol.Use.Disorders",174006
"530",2007,"Alzheimer.s.Disease.and.Other.Dementias",1022057
"531",2007,"Cardiovascular_Diseases",15117363
"532",2007,"Chronic.Kidney.Disease",1010311
"533",2007,"Chronic.Respiratory.Diseases",3467408
"534",2007,"Cirrhosis.and.Other.Chronic.Liver.Diseases",1311974
"535",2007,"Conflict.and.Terrorism",71286
"536",2007,"Diabetes.Mellitus",1092777
"537",2007,"Diarrheal.Diseases",2076357
"538",2007,"Digestive.Diseases",2251390
"539",2007,"Drowning",311889
"540",2007,"Drug.Use.Disorders",85962
"541",2007,"Environmental.Heat.and.Cold.Exposure",59791
"542",2007,"Exposure.to.Forces.of.Nature",16200
"543",2007,"Fire..Heat..and.Hot.Substances",119600
"544",2007,"HIV_AIDS",1669306
"545",2007,"Interpersonal.Violence",420025
"546",2007,"Lower.Respiratory.Infections",2617221
"547",2007,"Malaria",940193
"548",2007,"Maternal.Disorders",252551
"549",2007,"Meningitis",352747
"550",2007,"Neonatal.Disorders",2549184
"551",2007,"Neoplasms",7850705
"552",2007,"Nutritional.Deficiencies",347407
"553",2007,"Parkinson.s.Disease",250475
"554",2007,"Poisonings",88475
"555",2007,"Protein.Energy.Malnutrition",302088
"556",2007,"Road.Injuries",1273318
"557",2007,"Self.harm",802521
"558",2007,"Tuberculosis",1470117
"559",2008,"Acute.Hepatitis",117273
"560",2008,"Alcohol.Use.Disorders",171613
"561",2008,"Alzheimer.s.Disease.and.Other.Dementias",1065297
"562",2008,"Cardiovascular_Diseases",15402070
"563",2008,"Chronic.Kidney.Disease",1045743
"564",2008,"Chronic.Respiratory.Diseases",3510195
"565",2008,"Cirrhosis.and.Other.Chronic.Liver.Diseases",1330568
"566",2008,"Conflict.and.Terrorism",64695
"567",2008,"Diabetes.Mellitus",1122287
"568",2008,"Diarrheal.Diseases",2044769
"569",2008,"Digestive.Diseases",2280070
"570",2008,"Drowning",304870
"571",2008,"Drug.Use.Disorders",87077
"572",2008,"Environmental.Heat.and.Cold.Exposure",57763
"573",2008,"Exposure.to.Forces.of.Nature",235751
"574",2008,"Fire..Heat..and.Hot.Substances",118269
"575",2008,"HIV_AIDS",1559499
"576",2008,"Interpersonal.Violence",422800
"577",2008,"Lower.Respiratory.Infections",2603124
"578",2008,"Malaria",932910
"579",2008,"Maternal.Disorders",247899
"580",2008,"Meningitis",343452
"581",2008,"Neonatal.Disorders",2515772
"582",2008,"Neoplasms",8027173
"583",2008,"Nutritional.Deficiencies",335623
"584",2008,"Parkinson.s.Disease",260382
"585",2008,"Poisonings",88687
"586",2008,"Protein.Energy.Malnutrition",290690
"587",2008,"Road.Injuries",1284333
"588",2008,"Self.harm",797570
"589",2008,"Tuberculosis",1447516
"590",2009,"Acute.Hepatitis",112643
"591",2009,"Alcohol.Use.Disorders",166736
"592",2009,"Alzheimer.s.Disease.and.Other.Dementias",1109405
"593",2009,"Cardiovascular_Diseases",15552545
"594",2009,"Chronic.Kidney.Disease",1074048
"595",2009,"Chronic.Respiratory.Diseases",3498126
"596",2009,"Cirrhosis.and.Other.Chronic.Liver.Diseases",1330408
"597",2009,"Conflict.and.Terrorism",71582
"598",2009,"Diabetes.Mellitus",1142391
"599",2009,"Diarrheal.Diseases",1977248
"600",2009,"Digestive.Diseases",2279806
"601",2009,"Drowning",296871
"602",2009,"Drug.Use.Disorders",87025
"603",2009,"Environmental.Heat.and.Cold.Exposure",54835
"604",2009,"Exposure.to.Forces.of.Nature",10975
"605",2009,"Fire..Heat..and.Hot.Substances",116177
"606",2009,"HIV_AIDS",1453258
"607",2009,"Interpersonal.Violence",422750
"608",2009,"Lower.Respiratory.Infections",2571405
"609",2009,"Malaria",917796
"610",2009,"Maternal.Disorders",244175
"611",2009,"Meningitis",336868
"612",2009,"Neonatal.Disorders",2475066
"613",2009,"Neoplasms",8167640
"614",2009,"Nutritional.Deficiencies",322879
"615",2009,"Parkinson.s.Disease",267738
"616",2009,"Poisonings",87902
"617",2009,"Protein.Energy.Malnutrition",279325
"618",2009,"Road.Injuries",1281669
"619",2009,"Self.harm",785883
"620",2009,"Tuberculosis",1405491
"621",2010,"Acute.Hepatitis",109556
"622",2010,"Alcohol.Use.Disorders",164313
"623",2010,"Alzheimer.s.Disease.and.Other.Dementias",1155944
"624",2010,"Cardiovascular_Diseases",15838151
"625",2010,"Chronic.Kidney.Disease",1107473
"626",2010,"Chronic.Respiratory.Diseases",3509920
"627",2010,"Cirrhosis.and.Other.Chronic.Liver.Diseases",1340704
"628",2010,"Conflict.and.Terrorism",54467
"629",2010,"Diabetes.Mellitus",1165663
"630",2010,"Diarrheal.Diseases",1928704
"631",2010,"Digestive.Diseases",2298319
"632",2010,"Drowning",290831
"633",2010,"Drug.Use.Disorders",88079
"634",2010,"Environmental.Heat.and.Cold.Exposure",58674
"635",2010,"Exposure.to.Forces.of.Nature",241002
"636",2010,"Fire..Heat..and.Hot.Substances",115329
"637",2010,"HIV_AIDS",1364619
"638",2010,"Interpersonal.Violence",417449
"639",2010,"Lower.Respiratory.Infections",2545622
"640",2010,"Malaria",909814
"641",2010,"Maternal.Disorders",239749
"642",2010,"Meningitis",326778
"643",2010,"Neonatal.Disorders",2428939
"644",2010,"Neoplasms",8329288
"645",2010,"Nutritional.Deficiencies",322187
"646",2010,"Parkinson.s.Disease",276188
"647",2010,"Poisonings",87632
"648",2010,"Protein.Energy.Malnutrition",279144
"649",2010,"Road.Injuries",1278839
"650",2010,"Self.harm",784456
"651",2010,"Tuberculosis",1364942
"652",2011,"Acute.Hepatitis",106549
"653",2011,"Alcohol.Use.Disorders",161372
"654",2011,"Alzheimer.s.Disease.and.Other.Dementias",1201138
"655",2011,"Cardiovascular_Diseases",16038263
"656",2011,"Chronic.Kidney.Disease",1143219
"657",2011,"Chronic.Respiratory.Diseases",3539167
"658",2011,"Cirrhosis.and.Other.Chronic.Liver.Diseases",1348880
"659",2011,"Conflict.and.Terrorism",62900
"660",2011,"Diabetes.Mellitus",1197995
"661",2011,"Diarrheal.Diseases",1902762
"662",2011,"Digestive.Diseases",2316484
"663",2011,"Drowning",281106
"664",2011,"Drug.Use.Disorders",89322
"665",2011,"Environmental.Heat.and.Cold.Exposure",51638
"666",2011,"Exposure.to.Forces.of.Nature",31850
"667",2011,"Fire..Heat..and.Hot.Substances",113655
"668",2011,"HIV_AIDS",1283719
"669",2011,"Interpersonal.Violence",413880
"670",2011,"Lower.Respiratory.Infections",2527899
"671",2011,"Malaria",868564
"672",2011,"Maternal.Disorders",234669
"673",2011,"Meningitis",312733
"674",2011,"Neonatal.Disorders",2383664
"675",2011,"Neoplasms",8468793
"676",2011,"Nutritional.Deficiencies",314327
"677",2011,"Parkinson.s.Disease",284488
"678",2011,"Poisonings",86099
"679",2011,"Protein.Energy.Malnutrition",271516
"680",2011,"Road.Injuries",1267737
"681",2011,"Self.harm",777218
"682",2011,"Tuberculosis",1331697
"683",2012,"Acute.Hepatitis",104589
"684",2012,"Alcohol.Use.Disorders",159381
"685",2012,"Alzheimer.s.Disease.and.Other.Dementias",1247515
"686",2012,"Cardiovascular_Diseases",16245243
"687",2012,"Chronic.Kidney.Disease",1176295
"688",2012,"Chronic.Respiratory.Diseases",3558276
"689",2012,"Cirrhosis.and.Other.Chronic.Liver.Diseases",1354358
"690",2012,"Conflict.and.Terrorism",112295
"691",2012,"Diabetes.Mellitus",1236606
"692",2012,"Diarrheal.Diseases",1834769
"693",2012,"Digestive.Diseases",2329472
"694",2012,"Drowning",275585
"695",2012,"Drug.Use.Disorders",90934
"696",2012,"Environmental.Heat.and.Cold.Exposure",51418
"697",2012,"Exposure.to.Forces.of.Nature",8959
"698",2012,"Fire..Heat..and.Hot.Substances",112090
"699",2012,"HIV_AIDS",1198698
"700",2012,"Interpersonal.Violence",417694
"701",2012,"Lower.Respiratory.Infections",2526051
"702",2012,"Malaria",806183
"703",2012,"Maternal.Disorders",227177
"704",2012,"Meningitis",300091
"705",2012,"Neonatal.Disorders",2339979
"706",2012,"Neoplasms",8611952
"707",2012,"Nutritional.Deficiencies",298117
"708",2012,"Parkinson.s.Disease",293123
"709",2012,"Poisonings",84595
"710",2012,"Protein.Energy.Malnutrition",255541
"711",2012,"Road.Injuries",1255450
"712",2012,"Self.harm",767020
"713",2012,"Tuberculosis",1318198
"714",2013,"Acute.Hepatitis",98898
"715",2013,"Alcohol.Use.Disorders",158848
"716",2013,"Alzheimer.s.Disease.and.Other.Dementias",1294701
"717",2013,"Cardiovascular_Diseases",16490053
"718",2013,"Chronic.Kidney.Disease",1214187
"719",2013,"Chronic.Respiratory.Diseases",3610804
"720",2013,"Cirrhosis.and.Other.Chronic.Liver.Diseases",1359145
"721",2013,"Conflict.and.Terrorism",117364
"722",2013,"Diabetes.Mellitus",1277414
"723",2013,"Diarrheal.Diseases",1788081
"724",2013,"Digestive.Diseases",2348963
"725",2013,"Drowning",266827
"726",2013,"Drug.Use.Disorders",94562
"727",2013,"Environmental.Heat.and.Cold.Exposure",49503
"728",2013,"Exposure.to.Forces.of.Nature",26906
"729",2013,"Fire..Heat..and.Hot.Substances",111818
"730",2013,"HIV_AIDS",1126196
"731",2013,"Interpersonal.Violence",415620
"732",2013,"Lower.Respiratory.Infections",2537037
"733",2013,"Malaria",751776
"734",2013,"Maternal.Disorders",223473
"735",2013,"Meningitis",289502
"736",2013,"Neonatal.Disorders",2299343
"737",2013,"Neoplasms",8757263
"738",2013,"Nutritional.Deficiencies",291451
"739",2013,"Parkinson.s.Disease",303488
"740",2013,"Poisonings",83618
"741",2013,"Protein.Energy.Malnutrition",249435
"742",2013,"Road.Injuries",1232221
"743",2013,"Self.harm",755568
"744",2013,"Tuberculosis",1307485
"745",2014,"Acute.Hepatitis",92845
"746",2014,"Alcohol.Use.Disorders",159291
"747",2014,"Alzheimer.s.Disease.and.Other.Dementias",1343756
"748",2014,"Cardiovascular_Diseases",16715810
"749",2014,"Chronic.Kidney.Disease",1247378
"750",2014,"Chronic.Respiratory.Diseases",3651653
"751",2014,"Cirrhosis.and.Other.Chronic.Liver.Diseases",1363403
"752",2014,"Conflict.and.Terrorism",187939
"753",2014,"Diabetes.Mellitus",1320608
"754",2014,"Diarrheal.Diseases",1725693
"755",2014,"Digestive.Diseases",2364063
"756",2014,"Drowning",258489
"757",2014,"Drug.Use.Disorders",99295
"758",2014,"Environmental.Heat.and.Cold.Exposure",48775
"759",2014,"Exposure.to.Forces.of.Nature",7412
"760",2014,"Fire..Heat..and.Hot.Substances",110102
"761",2014,"HIV_AIDS",1072970
"762",2014,"Interpersonal.Violence",413371
"763",2014,"Lower.Respiratory.Infections",2532104
"764",2014,"Malaria",724324
"765",2014,"Maternal.Disorders",214881
"766",2014,"Meningitis",280438
"767",2014,"Neonatal.Disorders",2237472
"768",2014,"Neoplasms",8920309
"769",2014,"Nutritional.Deficiencies",284578
"770",2014,"Parkinson.s.Disease",312928
"771",2014,"Poisonings",81976
"772",2014,"Protein.Energy.Malnutrition",242956
"773",2014,"Road.Injuries",1213989
"774",2014,"Self.harm",744751
"775",2014,"Tuberculosis",1294816
"776",2015,"Acute.Hepatitis",88750
"777",2015,"Alcohol.Use.Disorders",160713
"778",2015,"Alzheimer.s.Disease.and.Other.Dementias",1394942
"779",2015,"Cardiovascular_Diseases",17089707
"780",2015,"Chronic.Kidney.Disease",1286935
"781",2015,"Chronic.Respiratory.Diseases",3690907
"782",2015,"Cirrhosis.and.Other.Chronic.Liver.Diseases",1384947
"783",2015,"Conflict.and.Terrorism",167030
"784",2015,"Diabetes.Mellitus",1366100
"785",2015,"Diarrheal.Diseases",1679043
"786",2015,"Digestive.Diseases",2404387
"787",2015,"Drowning",254237
"788",2015,"Drug.Use.Disorders",105401
"789",2015,"Environmental.Heat.and.Cold.Exposure",51665
"790",2015,"Exposure.to.Forces.of.Nature",15583
"791",2015,"Fire..Heat..and.Hot.Substances",110167
"792",2015,"HIV_AIDS",1029667
"793",2015,"Interpersonal.Violence",416362
"794",2015,"Lower.Respiratory.Infections",2533068
"795",2015,"Malaria",702890
"796",2015,"Maternal.Disorders",208450
"797",2015,"Meningitis",267789
"798",2015,"Neonatal.Disorders",2183143
"799",2015,"Neoplasms",9133616
"800",2015,"Nutritional.Deficiencies",278793
"801",2015,"Parkinson.s.Disease",321782
"802",2015,"Poisonings",80974
"803",2015,"Protein.Energy.Malnutrition",237723
"804",2015,"Road.Injuries",1201418
"805",2015,"Self.harm",742648
"806",2015,"Tuberculosis",1267556
"807",2016,"Acute.Hepatitis",84726
"808",2016,"Alcohol.Use.Disorders",162047
"809",2016,"Alzheimer.s.Disease.and.Other.Dementias",1451840
"810",2016,"Cardiovascular_Diseases",17398709
"811",2016,"Chronic.Kidney.Disease",1325004
"812",2016,"Chronic.Respiratory.Diseases",3740794
"813",2016,"Cirrhosis.and.Other.Chronic.Liver.Diseases",1404134
"814",2016,"Conflict.and.Terrorism",161637
"815",2016,"Diabetes.Mellitus",1412896
"816",2016,"Diarrheal.Diseases",1639826
"817",2016,"Digestive.Diseases",2439649
"818",2016,"Drowning",248811
"819",2016,"Drug.Use.Disorders",112875
"820",2016,"Environmental.Heat.and.Cold.Exposure",47495
"821",2016,"Exposure.to.Forces.of.Nature",8672
"822",2016,"Fire..Heat..and.Hot.Substances",109840
"823",2016,"HIV_AIDS",996098
"824",2016,"Interpersonal.Violence",412500
"825",2016,"Lower.Respiratory.Infections",2516135
"826",2016,"Malaria",660364
"827",2016,"Maternal.Disorders",203737
"828",2016,"Meningitis",261246
"829",2016,"Neonatal.Disorders",2099079
"830",2016,"Neoplasms",9336894
"831",2016,"Nutritional.Deficiencies",273191
"832",2016,"Parkinson.s.Disease",330736
"833",2016,"Poisonings",79951
"834",2016,"Protein.Energy.Malnutrition",232544
"835",2016,"Road.Injuries",1193556
"836",2016,"Self.harm",742925
"837",2016,"Tuberculosis",1249524
"838",2017,"Acute.Hepatitis",82472
"839",2017,"Alcohol.Use.Disorders",162599
"840",2017,"Alzheimer.s.Disease.and.Other.Dementias",1509646
"841",2017,"Cardiovascular_Diseases",17685890
"842",2017,"Chronic.Kidney.Disease",1351349
"843",2017,"Chronic.Respiratory.Diseases",3795946
"844",2017,"Cirrhosis.and.Other.Chronic.Liver.Diseases",1425956
"845",2017,"Conflict.and.Terrorism",130737
"846",2017,"Diabetes.Mellitus",1454681
"847",2017,"Diarrheal.Diseases",1632183
"848",2017,"Digestive.Diseases",2478029
"849",2017,"Drowning",241842
"850",2017,"Drug.Use.Disorders",118324
"851",2017,"Environmental.Heat.and.Cold.Exposure",46276
"852",2017,"Exposure.to.Forces.of.Nature",13309
"853",2017,"Fire..Heat..and.Hot.Substances",109165
"854",2017,"HIV_AIDS",947006
"855",2017,"Interpersonal.Violence",417143
"856",2017,"Lower.Respiratory.Infections",2487918
"857",2017,"Malaria",629653
"858",2017,"Maternal.Disorders",199197
"859",2017,"Meningitis",250132
"860",2017,"Neonatal.Disorders",2014896
"861",2017,"Neoplasms",9529491
"862",2017,"Nutritional.Deficiencies",267463
"863",2017,"Parkinson.s.Disease",339343
"864",2017,"Poisonings",78484
"865",2017,"Protein.Energy.Malnutrition",227038
"866",2017,"Road.Injuries",1188281
"867",2017,"Self.harm",743620
"868",2017,"Tuberculosis",1231689
"869",2018,"Acute.Hepatitis",80894
"870",2018,"Alcohol.Use.Disorders",165462
"871",2018,"Alzheimer.s.Disease.and.Other.Dementias",1568617
"872",2018,"Cardiovascular_Diseases",18113910
"873",2018,"Chronic.Kidney.Disease",1387668
"874",2018,"Chronic.Respiratory.Diseases",3886637
"875",2018,"Cirrhosis.and.Other.Chronic.Liver.Diseases",1447651
"876",2018,"Conflict.and.Terrorism",103407
"877",2018,"Diabetes.Mellitus",1501633
"878",2018,"Diarrheal.Diseases",1577953
"879",2018,"Digestive.Diseases",2515213
"880",2018,"Drowning",240266
"881",2018,"Drug.Use.Disorders",123095
"882",2018,"Environmental.Heat.and.Cold.Exposure",46272
"883",2018,"Exposure.to.Forces.of.Nature",11082
"884",2018,"Fire..Heat..and.Hot.Substances",110642
"885",2018,"HIV_AIDS",892341
"886",2018,"Interpersonal.Violence",419249
"887",2018,"Lower.Respiratory.Infections",2486438
"888",2018,"Malaria",631568
"889",2018,"Maternal.Disorders",198069
"890",2018,"Meningitis",241666
"891",2018,"Neonatal.Disorders",1942350
"892",2018,"Neoplasms",9791758
"893",2018,"Nutritional.Deficiencies",258094
"894",2018,"Parkinson.s.Disease",351322
"895",2018,"Poisonings",77805
"896",2018,"Protein.Energy.Malnutrition",218222
"897",2018,"Road.Injuries",1195919
"898",2018,"Self.harm",755125
"899",2018,"Tuberculosis",1204916
"900",2019,"Acute.Hepatitis",79142
"901",2019,"Alcohol.Use.Disorders",167932
"902",2019,"Alzheimer.s.Disease.and.Other.Dementias",1622426
"903",2019,"Cardiovascular_Diseases",18552218
"904",2019,"Chronic.Kidney.Disease",1426280
"905",2019,"Chronic.Respiratory.Diseases",3972681
"906",2019,"Cirrhosis.and.Other.Chronic.Liver.Diseases",1471148
"907",2019,"Conflict.and.Terrorism",62932
"908",2019,"Diabetes.Mellitus",1549593
"909",2019,"Diarrheal.Diseases",1533777
"910",2019,"Digestive.Diseases",2556209
"911",2019,"Drowning",237069
"912",2019,"Drug.Use.Disorders",128048
"913",2019,"Environmental.Heat.and.Cold.Exposure",47442
"914",2019,"Exposure.to.Forces.of.Nature",6072
"915",2019,"Fire..Heat..and.Hot.Substances",111199
"916",2019,"HIV_AIDS",863056
"917",2019,"Interpersonal.Violence",414157
"918",2019,"Lower.Respiratory.Infections",2491472
"919",2019,"Malaria",643201
"920",2019,"Maternal.Disorders",196306
"921",2019,"Meningitis",236084
"922",2019,"Neonatal.Disorders",1881372
"923",2019,"Neoplasms",10074275
"924",2019,"Nutritional.Deficiencies",251411
"925",2019,"Parkinson.s.Disease",362702
"926",2019,"Poisonings",77130
"927",2019,"Protein.Energy.Malnutrition",212080
"928",2019,"Road.Injuries",1197575
"929",2019,"Self.harm",758697
"930",2019,"Tuberculosis",1179234
